{
    "step": 99,
    "train": {
        "loss": 0.028339721264783294
    },
    "valid": {
        "loss": 0.02780797826382545
    }
}