{
    "step": 99,
    "train": {
        "loss": 0.23266430658102036
    },
    "valid": {
        "loss": 0.2204586821594005
    }
}